Title,Author
Guardians Sign Jhon Romero To Minor League Deal,Steve Adams
Diamond Sports Planning To File For Bankruptcy; MLB Planning To Stream Games For Free Temporarily,Darragh McDonald
Poll: Who Will Win The AL Central?,Steve Adams
Offseason Chat Transcript: Cleveland Guardians,Mark Polishuk
Offseason In Review: Cleveland Guardians,Mark Polishuk
Read The Transcript Of Our Chat Hosted By Former All-Star Second Baseman Jason Kipnis,Anthony Franco
"Hentges Making ""Encouraging"" Progress In Return From Shoulder Inflammation",Nick Deeds
The Guardians’ Former Rule 5 Breakout Reliever,Anthony Franco
Guardians’ Sam Hentges Shut Down Due To Shoulder Issue,Steve Adams
"AL Notes: Kwan, Bieber, Varsho, Pearson",Simon Hampton
